Item Name,Week Number
Sparkling Water,8
Farro,23
Avocados,16
Green Onions,17
Cherries,11
Barley,18
Sriracha,24
Sports Drinks,29
Baking Powder,4
Greek Yogurt,2
Cooking Spray,13
Instant Noodles,21
Brownies,15
Vodka,2
Cilantro,21
Potatoes,14
Udon,18
Olive Oil,23
Nuts and Seeds,3
Cherries,26
Salt,16
Ranch Dressing,2
Cinnamon,8
Canned Chicken,27
Butter Lettuce,26
Frozen Corn,4
Coffee,26
Ginger,27
Mangoes,7
Whole Wheat Bread,18
Corn,5
Artichokes,24
Bagels,25
Evaporated Milk,4
Sriracha,18
Iced Tea,17
Cherries,19
Potatoes,2
Canola Oil,5
Chili Powder,3
Relish,24
Canned Tuna,19
Asparagus,24
Donuts,19
Plums,13
Rosemary,28
Rum,20
BBQ Sauce,23
Brown Sugar,28
Butternut Squash,20
Donuts,24
Lemons,8
Mushrooms,1
Chicken Broth,11
Thyme,30
Asparagus,4
Arugula,7
Honey,26
Zucchini,21
Butter,22
Lettuce,30
Baking Soda,16
Zoodles,19
Nutmeg,4
Bok Choy,9
Sourdough,19
Limes,6
Pancake Mix,10
Watermelon,3
Tortillas,27
Yogurt,27
Onions,3
Green Onions,11
Farro,5
Apples,11
Beets,23
Instant Noodles,22
Butter Lettuce,13
Milk,24
Tequila,12
Cloves,22
Fettuccine,17
Pretzels,6
Arugula,16
Eggs,24
Gin,25
Canola Oil,17
Butter Lettuce,8
Canned Beans,2
Butter,30
Chicken,9
Soda,9
Instant Noodles,2
Canned Salmon,17
Spaghetti,19
Canned Chicken,13
Granola,30
Basil,16
Cheese,6
Canned Beans,18
Chocolate,3
Frozen Burritos,26
Strawberries,17
Brown Sugar,16
Brown Sugar,16
Asparagus,13
Olive Oil,16
Lemonade,1
Balsamic Vinegar,25
Butter Lettuce,13
Cream Cheese,24
Avocados,15
Cherries,9
Farro,1
Butter Lettuce,21
Green Tea,10
Broccoli,21
Brownies,3
Honey,28
Farro,2
Oats,1
Sparkling Water,13
Canned Chicken,7
Frozen Peas,3
Ramen,13
Peas,17
Chicken Broth,12
Red Wine,25
Plums,20
String Cheese,8
Limes,13
Nuts and Seeds,29
Jelly,11
Hot Sauce,13
Sriracha,7
Green Beans,7
Strawberries,19
Olive Oil,20
Bok Choy,24
Plums,20
Ginger,15
White Wine,2
Instant Noodles,25
Tea,4
Ketchup,7
Cinnamon,10
Almonds,12
Cilantro,26
Barley,17
Oats,12
Canned Chicken,28
Raspberries,9
Granola,21
Condensed Milk,15
Spinach,22
Basil,10
White Wine,10
Sriracha,12
Radishes,26
Corn,15
Trail Mix,15
Almonds,8
Garlic,20
Bok Choy,30
Cereal,3
Frozen Pizza,1
Canola Oil,9
Butter Lettuce,5
Pasta,22
Maple Syrup,6
Tomato Sauce,6
Chili Sauce,17
Orange Juice,23
Milk,25
Leeks,24
Granola,5
Red Wine,11
White Wine,9
Cheddar Cheese,13
Salt,15
Quinoa,1
Greek Yogurt,11
Pineapple,10
Blueberries,14
Barley,25
Butternut Squash,13
Shallots,16
Baking Powder,2
Brussels Sprouts,14
Garlic,30
Watermelon,17
Sports Drinks,2
Spinach,3
Cloves,5
Canola Oil,5
Bok Choy,12
Honey,30
Maple Syrup,14
Carrots,27
Green Tea,26
Almonds,17
Brussels Sprouts,12
Quinoa,11
Ginger,13
Pears,26
Canned Salmon,23
Chicken,23
Carrots,16
Greek Yogurt,3
Cherries,23
Pasta,9
Chili Sauce,22
Hot Sauce,7
Orange Juice,9
BBQ Sauce,4
Rice Noodles,13
Lettuce,22
Chocolate,8
White Wine,25
Evaporated Milk,14
Spinach,27
Butternut Squash,15
Pears,27
Walnuts,18
Chocolate,10
Artichokes,23
Mangoes,28
Cherries,9
Broccoli,24
Leeks,28
English Muffins,24
Spinach,2
Honey,30
Ice Cream,20
Sparkling Water,6
Barley,29
Pistachios,26
Sparkling Water,15
Frozen Pizza,4
Soy Sauce,6
Chicken,7
Vodka,2
Lemons,23
Sourdough,25
Garlic,25
Granola,17
Beer,3
Lemons,3
Pizza Dough,1
Frozen Burritos,27
Arugula,6
Ramen,18
Frozen Stir-Fry Vegetables,5
Carrots,14
Farro,24
Pita Bread,1
Rice Noodles,14
Black Tea,10
Broccoli,19
Arugula,6
Soda,20
Fettuccine,26
Rice Noodles,7
Pancakes,4
Mozzarella Cheese,6
Coconut Milk,14
Red Wine,24
Soy Sauce,26
Spring Mix,29
Bagged Salad,19
Black Tea,9
BBQ Sauce,12
Cereal,20
Instant Coffee,14
Bagels,3
Frozen Pizza,14
Garlic,12
Oats,23
Bagged Salad,20
Rice Noodles,10
Hot Sauce,4
Chili Powder,10
Beets,2
Spring Mix,11
Basil,9
Green Onions,23
Sparkling Water,12
Mozzarella Cheese,25
Pita Bread,23
Red Wine,22
Quinoa,1
Pineapple,15
Sparkling Water,14
Avocados,15
Brussels Sprouts,7
Whole Wheat Bread,24
Bagged Chips,21
Greek Yogurt,13
Cupcakes,18
Walnuts,29
Lemons,27
Pretzels,15
Kale,28
Butter Lettuce,14
Green Beans,11
Pesto,25
Mangoes,18
Arugula,6
Paprika,29
Frozen Stir-Fry Vegetables,15
Cream Cheese,7
Coconut Milk,15
Instant Noodles,18
Bagels,29
Chicken Broth,25
Rum,26
Fish,6
Ramen,25
Spinach,3
Almond Milk,14
Bok Choy,4
Nutmeg,13
Soba Noodles,29
Butternut Squash,21
Eggplant,30
Yogurt,27
Pretzels,11
Frozen Pizza,30
Pretzels,19
Cheese,22
Strawberries,23
Watermelon,26
Frozen Waffles,19
Tomatoes,5
Canned Beans,24
Cauliflower,24
Cherries,8
Butter Lettuce,20
Mozzarella Cheese,22
Trail Mix,22
Gin,3
Gin,26
Rice,25
Cilantro,29
Watermelon,11
Sports Drinks,1
Frozen Vegetables,13
Lemonade,14
Pretzels,13
Donuts,12
Apples,11
Bagged Salad,13
Trail Mix,19
Squash,14
Cream Cheese,26
Sweet Potatoes,13
Corn,12
Bagels,3
Peanut Butter,26
Baking Soda,19
Whiskey,26
Relish,16
Garlic,19
Broccoli,1
Shallots,7
Maple Syrup,10
Salsa,20
Watermelon,13
Bagels,16
Pepper,11
Beef,13
Spinach,11
Green Onions,30
Garlic,2
Bok Choy,23
Pizza Dough,8
Eggplant,1
Jelly,2
Peas,15
Baking Soda,25
Turmeric,30
Blueberries,25
Pork,2
Spring Mix,21
Walnuts,19
Cooking Spray,10
Rum,17
Canned Chicken,30
Salt,24
Plums,12
Onions,4
Canned Chicken,13
Chili Sauce,14
Bagels,15
Basil,22
Tortillas,20
Cumin,8
Evaporated Milk,9
Rice,25
Orange Juice,27
Oats,15
Udon,11
Barley,3
Corn,1
Bread,25
Tea,12
Canola Oil,28
Pizza Dough,9
Brown Sugar,27
Turmeric,6
Mozzarella Cheese,26
Bell Peppers,9
Beer,3
Tomato Sauce,4
Cloves,28
Tortillas,28
Cookies,8
Cooking Spray,28
Zucchini,22
Plums,10
Cookies,1
Garlic,17
English Muffins,8
Farro,16
Cauliflower,8
Sriracha,20
Tortillas,17
Pesto,15
Canola Oil,26
Turmeric,17
Ranch Dressing,12
Brown Sugar,23
Canned Chicken,19
BBQ Sauce,19
Pork,19
Cashews,2
Oregano,10
Nutmeg,24
Maple Syrup,22
Walnuts,15
Baking Soda,1
Balsamic Vinegar,9
Mushrooms,9
Pita Bread,29
Rum,13
Oats,23
Radishes,17
Walnuts,26
Cauliflower,23
Bell Peppers,15
Relish,18
Leeks,3
Cooking Spray,23
Cookies,23
Trail Mix,12
Cloves,12
Coffee,23
Fish,13
Mac and Cheese,21
Pork,12
Cheddar Cheese,20
Cheddar Cheese,26
Fettuccine,7
Almond Milk,7
Cloves,22
Pineapple,27
Fish,13
Pork,18
Cupcakes,23
Cornmeal,8
Popcorn,20
Peanut Butter,27
Frozen Pizza,20
Strawberries,30
Pineapple,27
Beef,12
Rum,28
Thyme,12
Green Beans,7
Frozen Burritos,18
Frozen Peas,15
Whole Wheat Bread,18
Salt,16
Quinoa,11
Pancake Mix,3
Mozzarella Cheese,13
Gin,6
Limes,8
Ginger,23
Canola Oil,1
Brown Sugar,17
Soy Sauce,20
Onions,14
Mayonnaise,29
Green Onions,28
Bell Peppers,14
Beef,23
Nuts and Seeds,1
Mustard,11
Cupcakes,18
Eggs,4
Tortilla Chips,7
White Wine,29
Beer,28
Popcorn,2
Butter Lettuce,17
Soda,14
Canola Oil,4
Popcorn,24
Cloves,23
Bread,12
Soy Sauce,26
Cashews,11
Green Tea,10
Leeks,5
Asparagus,27
Mushrooms,25
Cookies,3
Nutmeg,12
Instant Noodles,21
Sweet Potatoes,15
Limes,9
Lettuce,13
Ramen,30
Canned Chicken,29
Arugula,15
Salt,30
Peanut Butter,1
Peas,6
Popcorn,19
Rum,2
Cauliflower,13
Eggs,9
Waffles,2
Cabbage,16
Baking Powder,26
Chicken,2
Cinnamon,19
Ranch Dressing,4
Frozen Berries,2
Eggplant,27
Cauliflower,25
BBQ Sauce,27
Granola,17
Farro,29
Udon,15
Greek Yogurt,2
Cream Cheese,22
Olive Oil,6
Oregano,17
Tortillas,17
Instant Noodles,28
Cupcakes,20
Mozzarella Cheese,1
Instant Coffee,30
Cabbage,2
Honey,21
Rice Noodles,17
Celery,22
Canned Beans,23
Pineapple,11
Chocolate,30
Pancake Mix,20
Raspberries,8
Baking Powder,10
Mac and Cheese,28
Grapes,21
Cabbage,17
Coffee,11
Brussels Sprouts,25
Strawberries,3
Frozen Waffles,25
Artichokes,24
Carrots,9
Ketchup,15
Chicken Broth,13
Evaporated Milk,22
Bananas,11
Pancake Mix,13
Baking Powder,3
Granola,11
Pasta Sauce,16
Eggs,24
Farro,14
Yogurt,3
Radishes,30
Sparkling Water,22
Blueberries,17
Cilantro,12
Mayonnaise,16
Flour,26
Hot Sauce,7
Nuts and Seeds,24
Granola,7
Rice Noodles,28
Cauliflower,18
Popcorn,12
Cinnamon,19
Grapes,25
Frozen Burritos,24
Canned Tuna,3
Mayonnaise,11
Tomato Sauce,28
Tomatoes,25
Cream Cheese,6
Blueberries,15
Butter,25
Peas,16
Salt,9
Tomato Sauce,15
Sriracha,25
Cauliflower,5
Relish,4
Leeks,2
Cashews,19
Celery,10
Apples,1
Vinegar,7
Barley,25
Canned Salmon,27
Tea,9
Gin,16
Popcorn,12
Chocolate,23
Almonds,9
Corn,8
Donuts,12
Cornmeal,15
Corn,11
Carrots,12
Beets,3
Orange Juice,16
Onions,21
Gin,6
Pineapple,20
Butternut Squash,30
Radishes,5
Brownies,4
Farro,10
Frozen Waffles,9
Instant Noodles,8
Celery,15
Ginger,13
Beets,16
Paprika,20
Frozen Berries,27
Celery,25
Flour,23
Tea,29
Mozzarella Cheese,6
Eggs,16
Mustard,19
Onions,22
Condensed Milk,22
Tonic Water,16
Udon,4
Bell Peppers,22
Bok Choy,12
Tea,26
Honey,13
Cereal,9
Pistachios,7
Mushrooms,21
Cinnamon,9
Pineapple,4
Cookies,24
Honey,23
Yogurt,28
Frozen Peas,10
Brussels Sprouts,19
Mac and Cheese,9
Sparkling Water,21
String Cheese,10
Soy Sauce,23
Vodka,1
Squash,20
Cloves,24
Bananas,8
Limes,1
Cashews,3
Farro,25
Pistachios,22
Canned Salmon,28
Frozen Berries,7
Tea,18
Radishes,14
Ice Cream,15
Rosemary,4
Frozen Corn,9
Honey,30
String Cheese,24
Canned Salmon,20
Frozen Pizza,1
Celery,2
Carrots,28
Condensed Milk,15
Rum,25
Canned Chicken,26
Lettuce,22
Frozen Peas,23
Chicken,19
Raspberries,19
Peanut Butter,25
Relish,3
Ketchup,7
Turmeric,8
Tonic Water,11
Quinoa,28
Ice Cream,8
Soba Noodles,11
Nuts and Seeds,1
Potatoes,18
English Muffins,21
Pasta,10
Asparagus,17
Kale,4
English Muffins,29
Flour,5
Eggplant,17
Sriracha,28
Walnuts,26
Frozen Corn,10
Sourdough,17
Cereal,5
Soy Sauce,5
Cheese,2
Yogurt,10
Rosemary,26
Pizza Dough,23
Vodka,22
Sparkling Water,29
Salsa,11
Cucumbers,19
Orange Juice,8
Frozen Berries,4
Kale,4
String Cheese,28
Coconut Milk,13
Wraps,1
Tea,9
Cheese,20
Trail Mix,9
Salsa,4
Nutmeg,10
Cooking Spray,12
English Muffins,9
String Cheese,15
Rice Noodles,12
Bok Choy,10
Lemonade,10
Vodka,28
Sports Drinks,27
Brownies,29
Waffles,13
Cucumbers,5
Bagged Salad,24
Sports Drinks,25
Frozen Corn,4
Brussels Sprouts,26
Carrots,18
Thyme,7
Rice,8
Quinoa,1
Bagels,25
Cooking Spray,22
Fish,7
Instant Coffee,29
Pita Bread,8
Instant Coffee,11
Beer,8
Parmesan Cheese,4
Red Wine,25
Green Tea,1
Beer,18
Rice Noodles,17
Ramen,2
Rosemary,11
Donuts,17
Pears,27
Radishes,1
Cream Cheese,19
Potatoes,8
Canned Salmon,16
Lemons,26
Peas,15
Cucumbers,21
Eggplant,16
Asparagus,21
String Cheese,4
Pesto,19
Tequila,9
Evaporated Milk,5
Limes,7
Sourdough,5
Cashews,26
Flour,23
Trail Mix,11
Zucchini,22
Cooking Spray,14
Quinoa,23
Salsa,26
Gin,21
Frozen Vegetables,22
Popcorn,13
Oregano,17
Pasta,23
Frozen Corn,3
Mushrooms,17
Beef,1
Green Tea,25
Orange Juice,5
Shallots,9
Pancakes,6
Beets,21
Vodka,23
Cherries,27
Cloves,21
Cherries,24
Spinach,28
Tomato Sauce,29
Butternut Squash,11
Olive Oil,5
Tofu,8
Chili Sauce,27
Balsamic Vinegar,16
Oats,29
Bagels,18
Frozen Pizza,16
Quinoa,25
Eggs,3
Evaporated Milk,29
Espresso,30
Thyme,2
Pancakes,9
Spaghetti,2
Frozen Waffles,16
Butternut Squash,9
Lemons,18
Pretzels,6
Brown Sugar,4
Tofu,28
Cupcakes,12
Chocolate,25
Pears,19
Salt,29
Vinegar,4
Cookies,26
Butter Lettuce,28
Rice,20
Tequila,26
Olive Oil,24
Greek Yogurt,24
Zucchini,17
Mayonnaise,9
Cupcakes,25
Leeks,23
Lettuce,12
Vinegar,10
Ice Cream,3
Ramen,21
Baking Powder,16
Sourdough,8
Green Beans,18
Udon,1
Avocados,2
Frozen Stir-Fry Vegetables,26
Cumin,27
Cashews,8
Paprika,11
Chili Powder,6
Frozen Pizza,22
Oregano,25
Honey,13
Frozen Berries,7
Instant Noodles,8
Blueberries,6
Tofu,21
Yogurt,19
Sports Drinks,20
Black Tea,24
Chili Powder,14
Carrots,16
Tofu,12
Ketchup,15
Parmesan Cheese,27
Soda,2
Gin,30
Green Onions,24
Butternut Squash,7
Pancake Mix,6
Baking Soda,10
Nutmeg,15
Green Tea,8
Ice Cream,13
Zoodles,3
Tortillas,2
Orange Juice,12
Eggplant,11
Salt,5
Soy Sauce,20
Cauliflower,9
Ketchup,21
Tea,29
Rosemary,2
Beets,22
Rice Noodles,16
Donuts,4
Eggplant,12
Blueberries,7
Nuts and Seeds,3
Shallots,30
Popcorn,21
Apples,13
Green Beans,10
Sports Drinks,11
Chicken,7
BBQ Sauce,14
Whiskey,3
Raspberries,10
Mushrooms,21
Iced Tea,16
Cloves,8
Bagels,13
Canola Oil,27
Mushrooms,10
Onions,3
Cheese,3
Spinach,24
Salsa,4
Ramen,21
Tomato Sauce,2
Tortilla Chips,21
Cashews,27
Ginger,11
Almonds,18
Turmeric,27
Carrots,7
Frozen Vegetables,8
Farro,24
Radishes,7
Nuts and Seeds,2
Artichokes,5
Green Onions,9
Sparkling Water,25
Paprika,13
Sparkling Water,9
Balsamic Vinegar,13
Pepper,25
Strawberries,25
Instant Coffee,24
Baking Powder,1
Pistachios,14
Zucchini,27
Spinach,8
Frozen Peas,29
Sports Drinks,19
Vinegar,21
Olive Oil,15
Radishes,27
Salsa,27
Corn,13
Rice,19
Blueberries,14
Canned Salmon,18
Beef,6
Parmesan Cheese,25
Arugula,3
Spaghetti,21
Brussels Sprouts,14
Cucumbers,14
Pineapple,23
Pancakes,4
Milk,28
Cabbage,13
Tortilla Chips,12
Tofu,9
Chili Powder,14
Turmeric,7
Parmesan Cheese,6
Tonic Water,9
Soda,27
Grapes,21
Broccoli,25
Beef,8
Peanut Butter,24
Radishes,5
Peanut Butter,19
Frozen Vegetables,6
Granola,21
Cauliflower,30
Eggplant,13
Soba Noodles,27
Yogurt,30
Balsamic Vinegar,24
Frozen Pizza,5
Kale,20
Tomato Sauce,24
Yogurt,28
Waffles,9
Sports Drinks,1
Tonic Water,14
Brussels Sprouts,8
Barley,2
Cheese,9
Chili Powder,13
Canned Salmon,23
Bagged Salad,8
Tofu,5
Asparagus,20
Nuts and Seeds,18
Frozen Peas,25
Fish,14
Bagged Chips,28
Raspberries,16
Ice Cream,9
Cabbage,10
Frozen Corn,8
Apples,16
Asparagus,19
Gin,27
White Wine,9
Salsa,13
Quinoa,21
Pesto,14
Thyme,13
Greek Yogurt,21
Salt,6
Sparkling Water,18
Chicken Broth,30
Ketchup,7
Limes,6
Vinegar,28
Iced Tea,6
Pita Bread,30
Iced Tea,14
Couscous,28
Sports Drinks,1
Celery,19
Grapes,30
Frozen Burritos,12
Frozen Peas,20
Sweet Potatoes,30
Beef,9
Paprika,2
Trail Mix,7
Instant Coffee,23
Cupcakes,23
Instant Coffee,28
Frozen Pizza,14
Carrots,10
Pasta,1
Plums,3
Tofu,27
Canned Tuna,13
Orange Juice,3
Cinnamon,9
Cucumbers,4
Tonic Water,12
Canned Salmon,16
Tomatoes,27
Tofu,15
Rum,14
Oats,12
Spring Mix,13
Pasta Sauce,11
Pancakes,8
Tortillas,2
Whole Wheat Bread,5
Coffee,10
Pasta,2
Cauliflower,2
Squash,24
Mayonnaise,16
Barley,13
Waffles,25
Sports Drinks,19
Almond Milk,24
Rice,8
Gin,6
Chicken Broth,25
Pasta,26
Ginger,2
Cornmeal,15
Watermelon,14
Tortilla Chips,13
Pancake Mix,17
Brussels Sprouts,13
Pineapple,3
Spinach,10
Relish,17
Fettuccine,15
Gin,2
Mushrooms,24
Canned Tuna,30
Nutmeg,15
Brussels Sprouts,3
Mac and Cheese,23
Arugula,26
Lettuce,4
Mayonnaise,18
Tortilla Chips,11
Waffles,2
Fish,23
Bread,3
Rice Noodles,10
Shallots,8
Almond Milk,12
Asparagus,23
Evaporated Milk,10
Turmeric,4
Turmeric,21
Mushrooms,28
Cashews,3
Sourdough,28
Apples,8
Apples,5
Artichokes,21
Balsamic Vinegar,26
Potatoes,20
Cloves,18
Almonds,19
Butternut Squash,12
Couscous,19
Rice Noodles,9
Red Wine,24
Raspberries,30
Fettuccine,25
Instant Noodles,28
Spring Mix,10
Walnuts,19
Cabbage,3
Carrots,21
Tea,3
Farro,4
Carrots,17
Leeks,1
Ramen,23
Soda,6
Pancakes,8
Popcorn,16
Oregano,9
Zucchini,2
Bagged Chips,7
Ginger,28
Brussels Sprouts,25
Mustard,18
Turmeric,2
Bread,11
Cornmeal,21
Canola Oil,24
Ketchup,7
Sweet Potatoes,14
Tequila,4
Barley,13
Rice Noodles,3
Baking Soda,28
Ketchup,20
Frozen Stir-Fry Vegetables,12
Lettuce,12
Olive Oil,7
Canned Salmon,7
Bananas,30
Tomato Sauce,7
Popcorn,28
Cauliflower,10
Tequila,28
Pancake Mix,11
Apples,13
Sourdough,21
Nuts and Seeds,10
Bagged Chips,30
Whole Wheat Bread,13
Waffles,13
Lemonade,25
Cookies,16
Cumin,15
Zucchini,23
Gin,25
Bagged Salad,18
BBQ Sauce,6
Greek Yogurt,22
Mustard,5
Spaghetti,15
Iced Tea,23
Mushrooms,2
Pepper,29
Soda,4
Canned Tuna,21
Black Tea,19
Kale,12
Oregano,19
Pork,4
Bananas,28
Chocolate,20
Zucchini,14
Farro,20
Coconut Milk,18
Spinach,3
Bread,15
Asparagus,14
Potatoes,16
Hot Sauce,20
Baking Soda,7
Canola Oil,3
Black Tea,27
Relish,22
Pasta Sauce,9
Cooking Spray,3
Donuts,2
Frozen Berries,13
Sports Drinks,8
Gin,2
Mangoes,23
Mangoes,20
Chili Sauce,7
Radishes,28
Jelly,19
Coconut Milk,24
Pancake Mix,14
Frozen Corn,21
Pesto,17
Red Wine,27
Canned Beans,11
Green Beans,22
Popcorn,29
Udon,5
Oregano,3
Brussels Sprouts,12
Beef,23
Beets,26
Soba Noodles,6
Bagged Salad,8
Pita Bread,21
Bagged Chips,28
Pineapple,22
Frozen Waffles,19
Kale,28
Canned Tuna,16
Vinegar,24
Rum,15
Tofu,16
Sweet Potatoes,26
Chicken,23
Maple Syrup,6
Beef,27
Tomatoes,15
Mayonnaise,9
Cumin,17
Cucumbers,4
Vodka,2
Green Onions,27
Oregano,3
Whiskey,15
Plums,13
Zucchini,18
Mangoes,23
Tortillas,28
Garlic,14
Beets,15
Beer,21
Cumin,1
Mayonnaise,10
Tequila,2
Raspberries,19
Butter,9
Frozen Pizza,3
Broccoli,21
Beets,20
Celery,8
Pistachios,19
Butter,22
Flour,28
Garlic,1
Brownies,3
Almond Milk,16
Red Wine,8
Corn,28
Beets,11
Almond Milk,23
Tequila,12
Mozzarella Cheese,28
Ginger,7
Nuts and Seeds,2
Kale,10
Spaghetti,17
Milk,30
Tortilla Chips,27
Tortillas,5
Udon,9
Balsamic Vinegar,7
Thyme,26
Baking Powder,4
Butternut Squash,2
Raspberries,8
Plums,8
Red Wine,30
Potatoes,27
Coffee,14
Farro,17
Fish,5
Jelly,5
Brown Sugar,5
Quinoa,19
Plums,15
Nuts and Seeds,2
Coconut Milk,18
Mangoes,13
Almonds,3
Ice Cream,14
Chili Sauce,3
Frozen Stir-Fry Vegetables,26
Trail Mix,21
Limes,23
Cherries,28
Oregano,14
Jelly,14
Bagged Chips,12
Rosemary,28
Butter,15
Soba Noodles,26
Bananas,21
Oats,9
Evaporated Milk,23
Cherries,9
Frozen Corn,5
Butternut Squash,11
Oregano,23
Whiskey,3
Mozzarella Cheese,13
Watermelon,4
Salt,28
Tea,3
Bagged Salad,6
Greek Yogurt,19
Cabbage,15
Lemonade,2
Cilantro,3
Granola,2
Canned Beans,3
Popcorn,28
String Cheese,17
Pepper,3
Almonds,11
Vodka,22
Soba Noodles,9
Parmesan Cheese,16
Baking Soda,5
Ketchup,14
Udon,24
Fish,18
Frozen Peas,7
Chicken Broth,5
Yogurt,11
Canola Oil,16
Cinnamon,18
Mozzarella Cheese,6
Cereal,3
Bagels,4
Cumin,10
Milk,9
Gin,11
Almond Milk,23
Granola,17
Brown Sugar,26
Sriracha,2
Frozen Berries,17
Cilantro,22
Farro,3
Pineapple,2
Pears,25
Hot Sauce,9
Artichokes,21
Mayonnaise,11
Pita Bread,30
Baking Soda,26
Green Beans,11
Canola Oil,3
Udon,20
Espresso,8
Pasta,14
Udon,21
Evaporated Milk,15
Beef,1
Pita Bread,21
Raspberries,27
Eggs,13
Ranch Dressing,14
Carrots,14
Honey,16
BBQ Sauce,25
Condensed Milk,4
Lemonade,10
Nutmeg,5
Trail Mix,12
Cheddar Cheese,30
Frozen Burritos,15
Bagged Chips,26
Chicken,19
Cream Cheese,9
Tea,3
Sports Drinks,1
White Wine,25
Eggs,6
Peanut Butter,30
Zoodles,14
Bread,2
Rum,18
Ice Cream,21
Frozen Corn,9
Beets,20
Popcorn,15
Mac and Cheese,21
Bagged Chips,9
Avocados,3
Strawberries,25
Farro,6
Parmesan Cheese,10
Pancake Mix,18
Instant Noodles,10
Pancake Mix,20
Balsamic Vinegar,10
Pancake Mix,11
String Cheese,30
Garlic,8
Tofu,27
Pizza Dough,30
Pistachios,7
Butter,16
Tomato Sauce,29
Milk,17
Pretzels,12
Walnuts,21
Espresso,12
Eggplant,7
Mac and Cheese,13
Cherries,5
Hot Sauce,2
Radishes,15
Relish,21
Pistachios,23
Arugula,24
Cabbage,1
Sourdough,19
Zucchini,1
Plums,18
Squash,7
Salt,20
Frozen Peas,28
Evaporated Milk,14
Orange Juice,22
Coconut Milk,6
Butter Lettuce,19
Evaporated Milk,9
Cumin,20
Vodka,18
Balsamic Vinegar,25
Pizza Dough,22
Evaporated Milk,19
Cucumbers,27
Frozen Stir-Fry Vegetables,28
Pistachios,15
Black Tea,27
Spring Mix,9
Honey,6
Green Beans,1
Honey,3
Mayonnaise,15
Salsa,10
Barley,10
Soba Noodles,5
Mozzarella Cheese,23
Zucchini,30
Coffee,13
Frozen Stir-Fry Vegetables,28
Oats,8
Oats,24
Pasta,19
Relish,4
Paprika,28
Chili Powder,4
Frozen Stir-Fry Vegetables,11
Pasta,11
Soba Noodles,29
White Wine,30
Tequila,18
Espresso,6
Turmeric,8
Frozen Stir-Fry Vegetables,14
String Cheese,25
Pita Bread,11
Instant Coffee,23
Hot Sauce,2
Cornmeal,19
Cheddar Cheese,12
Turmeric,20
Flour,1
Black Tea,28
Ice Cream,23
Canola Oil,2
Frozen Berries,6
Instant Noodles,6
Hot Sauce,21
Pears,16
Cheese,25
Tequila,8
Asparagus,19
Frozen Corn,26
Thyme,24
Cucumbers,24
Chicken Broth,6
Leeks,1
Bread,4
Jelly,30
Granola,10
Ranch Dressing,20
Spring Mix,13
Pretzels,3
Shallots,20
Nuts and Seeds,30
Tofu,5
Watermelon,26
Canned Chicken,30
Broccoli,20
Vinegar,17
Oregano,8
Nutmeg,30
Parmesan Cheese,16
Pears,7
Tofu,23
Cooking Spray,11
Frozen Berries,7
Nutmeg,7
Almonds,28
Mushrooms,1
Sports Drinks,6
Relish,7
Pears,5
Sourdough,25
Butternut Squash,9
Pancakes,30
Hot Sauce,27
Chili Sauce,26
Pancakes,12
Brussels Sprouts,6
English Muffins,21
Bell Peppers,25
Cheese,11
Spaghetti,8
Mangoes,14
Garlic,2
Beer,23
Cupcakes,9
Iced Tea,30
Tea,21
Mushrooms,6
Chocolate,19
Cucumbers,1
Pork,26
Eggplant,19
Eggplant,29
Cooking Spray,2
Bok Choy,4
Coffee,21
Sparkling Water,7
Corn,23
Pineapple,12
Chili Powder,19
Beer,20
Instant Coffee,17
Potatoes,24
Soy Sauce,27
Mustard,1
Cream Cheese,18
Cabbage,15
Whole Wheat Bread,11
Nuts and Seeds,14
Espresso,13
Whiskey,6
Sports Drinks,29
Pita Bread,30
Mushrooms,3
Greek Yogurt,12
Walnuts,30
Pistachios,28
Pesto,4
Bagels,8
Arugula,28
Green Beans,19
Instant Coffee,18
Avocados,30
Evaporated Milk,18
Tonic Water,15
Potatoes,18
Bananas,25
Sports Drinks,26
Coconut Milk,14
Cereal,6
Fish,25
Squash,18
Green Onions,9
Espresso,30
Instant Coffee,16
Whiskey,20
Frozen Stir-Fry Vegetables,20
Baking Powder,13
Cucumbers,21
Bagged Chips,12
Olive Oil,23
Shallots,5
Gin,26
Bell Peppers,25
Mozzarella Cheese,28
Cheese,17
Barley,22
Chili Sauce,1
Cabbage,9
Tea,6
Fish,5
Lettuce,4
Frozen Corn,10
Tofu,4
Tequila,4
Corn,13
Artichokes,2
Granola,10
Eggs,2
Baking Powder,7
Mayonnaise,26
Evaporated Milk,3
Black Tea,30
Garlic,3
Asparagus,13
Milk,7
Zoodles,15
Almond Milk,16
Tortillas,18
Cumin,14
Asparagus,22
Frozen Waffles,23
Coffee,25
Almond Milk,26
Butter Lettuce,15
Bagged Salad,25
Tofu,3
Bread,25
Grapes,17
Beef,23
Green Beans,25
Mangoes,1
Peanut Butter,9
Baking Soda,22
Chocolate,14
Baking Powder,3
Ramen,18
Chocolate,2
Oregano,1
Fish,7
Balsamic Vinegar,22
Canned Chicken,24
Nuts and Seeds,26
Sriracha,14
Eggs,15
Honey,4
Greek Yogurt,24
Chicken Broth,23
Bread,30
Ketchup,13
Soba Noodles,6
Evaporated Milk,18
Pancakes,26
Nuts and Seeds,14
Tequila,13
Canned Tuna,1
Coffee,9
Spaghetti,29
Soy Sauce,4
Limes,19
Watermelon,9
Baking Powder,18
Canola Oil,10
Ramen,3
Pepper,15
Pepper,26
Tea,3
Ginger,15
Cucumbers,15
Hot Sauce,10
Gin,7
Cupcakes,5
Cookies,18
Ranch Dressing,23
Cabbage,21
Fish,9
Lettuce,25
Bagels,7
Farro,23
Parmesan Cheese,2
Orange Juice,17
Butternut Squash,1
Apples,24
Tea,30
Orange Juice,29
Nuts and Seeds,29
Eggs,12
Turmeric,10
Pepper,22
White Wine,7
Cupcakes,19
Coffee,23
Beets,26
Baking Soda,20
Cabbage,22
Fettuccine,23
Pistachios,2
Mustard,7
Red Wine,15
Oats,12
Ginger,18
Cumin,7
Bagels,2
Beef,13
Garlic,15
Arugula,25
Gin,11
Chicken Broth,18
Raspberries,13
Baking Powder,24
Quinoa,24
Frozen Corn,14
Granola,12
Vinegar,7
Trail Mix,29
Limes,21
Raspberries,1
Grapes,30
Cornmeal,21
Instant Noodles,21
Pancakes,25
Barley,24
Brussels Sprouts,14
Cabbage,22
Tequila,28
Spinach,10
Canned Tuna,21
Relish,2
Pita Bread,23
Canned Beans,28
Peas,7
Cereal,15
Canned Beans,8
Ketchup,27
Sourdough,6
Brownies,14
Couscous,29
Cabbage,29
Artichokes,30
Greek Yogurt,5
Iced Tea,30
Leeks,2
Quinoa,23
Pasta Sauce,13
Relish,27
Waffles,12
Mushrooms,21
Tonic Water,29
Instant Noodles,11
Sports Drinks,24
Garlic,23
Beets,12
Asparagus,2
Cheddar Cheese,23
Pepper,21
Pepper,14
BBQ Sauce,29
Frozen Waffles,11
Olive Oil,20
Green Tea,9
Corn,16
Pistachios,14
Grapes,20
Radishes,7
Cumin,28
Sports Drinks,21
Bananas,21
Whiskey,6
Sweet Potatoes,17
BBQ Sauce,17
Green Onions,8
Leeks,5
Pasta,16
Chicken,16
Turmeric,2
Pork,25
Tomato Sauce,16
Frozen Pizza,20
Coffee,9
Frozen Pizza,9
Cream Cheese,18
Hot Sauce,8
Chili Sauce,8
Sports Drinks,17
Spaghetti,8
Condensed Milk,3
Tea,11
Sparkling Water,12
Paprika,5
Cooking Spray,12
Oregano,11
Balsamic Vinegar,22
Cheddar Cheese,2
Plums,12
Ranch Dressing,29
Mac and Cheese,5
Yogurt,6
Cheddar Cheese,15
Ramen,24
Lemonade,29
Kale,9
Cheese,22
Honey,15
Cherries,27
Asparagus,9
Cumin,19
Yogurt,17
Corn,22
BBQ Sauce,11
Cream Cheese,30
Oats,20
Espresso,27
Pesto,8
Mac and Cheese,4
Green Tea,5
Beets,8
Cooking Spray,5
Sports Drinks,21
Asparagus,6
Nutmeg,7
Balsamic Vinegar,2
Chili Sauce,20
Lemonade,3
Mac and Cheese,24
Frozen Burritos,24
Baking Soda,1
Fettuccine,21
Cooking Spray,7
Chocolate,21
Fettuccine,10
Red Wine,20
Sparkling Water,10
Tofu,5
Quinoa,6
Almonds,25
Iced Tea,11
Lemons,28
Tequila,14
Sweet Potatoes,22
Wraps,22
Espresso,17
Canned Salmon,4
Coffee,25
Whole Wheat Bread,16
Beer,21
Zucchini,16
Whiskey,6
Butter Lettuce,28
Canned Beans,8
Bok Choy,13
Ketchup,17
Canned Chicken,1
Pineapple,6
Corn,2
Fettuccine,28
Waffles,28
Coconut Milk,25
Broccoli,21
Espresso,28
Popcorn,14
Greek Yogurt,30
Nuts and Seeds,20
Milk,29
Rice Noodles,22
Iced Tea,21
Soba Noodles,16
Cabbage,25
Avocados,5
Brown Sugar,14
Canned Beans,14
Peas,6
Arugula,17
Mustard,23
Tomato Sauce,17
Coffee,12
Ketchup,15
English Muffins,2
Tequila,14
Ginger,4
Peas,20
Butter,10
Flour,1
Canned Chicken,26
Parmesan Cheese,21
Lemonade,9
Soba Noodles,21
Pretzels,3
Rum,27
Blueberries,29
Cumin,9
Cornmeal,19
Pizza Dough,21
Eggs,28
Flour,10
Thyme,1
Walnuts,10
Trail Mix,11
Pears,5
Sweet Potatoes,16
Gin,10
Pancakes,26
Cashews,27
Brown Sugar,10
Cauliflower,15
Frozen Waffles,3
Pepper,19
Butter Lettuce,9
Pork,30
Canned Chicken,1
Green Onions,17
Avocados,18
Corn,28
Tofu,18
Fish,18
Cheese,3
Pasta Sauce,20
Cinnamon,11
Plums,25
Soy Sauce,4
Spinach,20
Cherries,28
Rosemary,26
Espresso,13
Avocados,22
Ginger,19
Plums,15
Cucumbers,6
Pears,14
Green Onions,4
Orange Juice,6
Wraps,15
Ranch Dressing,7
Cucumbers,4
Farro,21
Green Tea,2
Pasta,30
Quinoa,12
Pretzels,23
Soy Sauce,28
Cooking Spray,14
Chicken,16
Zucchini,2
Zucchini,6
Rice,23
Green Onions,1
Barley,13
Soda,26
Celery,27
Sparkling Water,6
Milk,1
Soy Sauce,24
Chicken,6
Mustard,6
Tea,18
Soy Sauce,2
Celery,17
Canola Oil,1
Frozen Berries,12
Watermelon,30
Bagged Chips,27
Bagged Chips,7
Black Tea,4
Pineapple,2
Canned Salmon,21
Pistachios,29
Cabbage,27
Cloves,12
Turmeric,3
Sweet Potatoes,24
Cornmeal,18
Mushrooms,19
Evaporated Milk,10
Cucumbers,30
Jelly,30
Bananas,14
Jelly,27
Tomatoes,21
Carrots,28
Leeks,16
Zucchini,21
Salt,15
Kale,1
Coffee,25
Black Tea,17
Milk,25
Rice Noodles,11
Tofu,23
Green Tea,18
Turmeric,8
Bagged Salad,11
Whiskey,7
Watermelon,16
Whole Wheat Bread,27
Mac and Cheese,27
Cabbage,11
Tea,24
Canola Oil,27
Rosemary,8
Ginger,11
Espresso,1
Green Tea,4
Kale,18
Cashews,18
Chicken,7
Peanut Butter,24
Pistachios,19
Brownies,17
Shallots,4
Whole Wheat Bread,16
Iced Tea,8
Pancake Mix,4
Cherries,12
Mushrooms,13
Barley,8
Eggs,19
Lemons,5
Almonds,6
Canned Beans,17
Pancakes,29
Frozen Stir-Fry Vegetables,23
Whole Wheat Bread,9
Strawberries,20
Mustard,21
Beef,18
Pesto,1
Mac and Cheese,23
Pears,26
Evaporated Milk,3
Jelly,15
Evaporated Milk,29
Tomato Sauce,12
Brown Sugar,23
Mustard,8
Canned Beans,16
Ranch Dressing,17
Soy Sauce,19
Waffles,27
Ranch Dressing,27
Kale,23
Wraps,20
Paprika,20
Ranch Dressing,25
Turmeric,24
Soda,23
Pesto,29
Squash,1
Tomatoes,3
Chili Sauce,26
Squash,9
Pita Bread,22
Pretzels,26
Chicken Broth,10
Limes,2
Eggplant,16
Bell Peppers,4
Soda,22
Vodka,27
Tequila,9
Espresso,10
Canned Beans,14
Instant Noodles,24
Condensed Milk,29
Eggs,27
Strawberries,30
Broccoli,29
Quinoa,25
Paprika,3
Chocolate,19
Barley,21
Nutmeg,7
Pita Bread,7
Tofu,1
Peanut Butter,26
Peanut Butter,18
Rosemary,23
Cereal,4
Bok Choy,20
Canned Tuna,3
Spaghetti,4
Spaghetti,4
Tequila,16
Tonic Water,21
Frozen Peas,9
Frozen Peas,4
Arugula,12
Cloves,3
Maple Syrup,7
Fish,25
Mushrooms,16
Bagels,4
Apples,2
Cucumbers,28
Balsamic Vinegar,7
Oregano,23
Sweet Potatoes,26
Tonic Water,14
Blueberries,29
Grapes,27
Brussels Sprouts,21
Cashews,1
Rosemary,29
Frozen Vegetables,22
Garlic,10
Salsa,9
Jelly,30
Strawberries,1
Pistachios,24
Beer,20
Canned Chicken,20
Mangoes,25
Waffles,16
Asparagus,2
Spaghetti,18
Almond Milk,3
Beets,14
Brownies,16
Whole Wheat Bread,4
Brown Sugar,10
Beets,16
Farro,8
Basil,24
Pretzels,5
Zucchini,19
Vinegar,13
Cooking Spray,18
Donuts,17
Greek Yogurt,4
Peas,29
Cherries,8
Green Tea,12
Tomatoes,28
Turmeric,13
Green Tea,29
Turmeric,26
Potatoes,30
Coconut Milk,2
Cheddar Cheese,26
Nuts and Seeds,27
Nutmeg,14
Frozen Waffles,6
Salsa,6
Frozen Stir-Fry Vegetables,15
Orange Juice,13
Chocolate,4
Cinnamon,7
Tortilla Chips,14
Avocados,7
Quinoa,7
Coconut Milk,3
Sriracha,22
Soba Noodles,9
Peas,3
Tomato Sauce,19
Onions,5
Baking Powder,15
Eggplant,13
Couscous,5
Fettuccine,23
Balsamic Vinegar,30
Pepper,4
Potatoes,29
Hot Sauce,17
Pineapple,2
Grapes,8
Cream Cheese,12
Frozen Vegetables,24
Squash,18
Maple Syrup,3
Eggplant,8
Bok Choy,12
Cilantro,5
Tortilla Chips,24
Frozen Vegetables,6
Frozen Pizza,9
Bagged Salad,11
Coconut Milk,30
Zoodles,20
Beets,6
Squash,20
Mustard,26
Frozen Vegetables,14
Chicken Broth,15
Mushrooms,14
Peanut Butter,9
Lettuce,18
Butter,25
Spring Mix,12
Bread,13
Rice Noodles,9
Limes,12
Sriracha,2
Grapes,29
Limes,25
Soba Noodles,21
Frozen Vegetables,29
Bagged Chips,6
Vodka,18
Strawberries,27
Potatoes,4
Vinegar,19
Frozen Burritos,2
Sports Drinks,24
Celery,9
Cheddar Cheese,22
Frozen Pizza,2
Honey,17
Whole Wheat Bread,23
Leeks,12
Canned Beans,2
Carrots,12
Lettuce,3
Nutmeg,19
Black Tea,23
Frozen Burritos,10
Green Onions,24
Green Onions,6
Fettuccine,23
Frozen Waffles,9
Canned Chicken,20
Oregano,1
Cumin,29
Jelly,6
BBQ Sauce,10
Pretzels,12
Popcorn,22
Gin,26
Salsa,19
Cornmeal,4
Tonic Water,27
Paprika,8
Oats,30
Maple Syrup,13
Rice,26
Canola Oil,6
Trail Mix,17
Peanut Butter,22
Sparkling Water,29
Butter,19
Orange Juice,3
Frozen Pizza,19
Chocolate,3
Basil,5
Almond Milk,30
Tonic Water,19
Brown Sugar,8
Canned Beans,9
Oregano,7
Beef,2
Whiskey,4
Pita Bread,27
Tortilla Chips,22
Flour,24
Butter,21
Mozzarella Cheese,18
Garlic,13
Greek Yogurt,12
Red Wine,14
Radishes,5
Lettuce,30
Tomato Sauce,14
Frozen Peas,15
Donuts,21
Squash,7
Tomatoes,5
Red Wine,2
Mac and Cheese,6
Jelly,14
Lettuce,4
Black Tea,4
White Wine,18
Green Onions,25
Nuts and Seeds,13
Pork,25
Whole Wheat Bread,27
Coconut Milk,28
Frozen Vegetables,5
Butter Lettuce,16
Canned Tuna,9
Leeks,1
Frozen Corn,30
Frozen Peas,12
Bagged Salad,16
Soy Sauce,19
Barley,20
Butter Lettuce,28
Sports Drinks,9
Apples,18
Pasta,30
Pesto,8
Nuts and Seeds,27
Almond Milk,11
Cabbage,3
Cookies,30
Cinnamon,11
Pepper,2
Sweet Potatoes,27
Jelly,19
Sweet Potatoes,6
Mangoes,16
Zoodles,10
Shallots,30
Couscous,22
Eggplant,26
Trail Mix,18
Nuts and Seeds,1
Onions,2
Condensed Milk,20
BBQ Sauce,7
Ginger,9
Frozen Peas,22
Cereal,18
Baking Soda,5
Instant Noodles,24
Pancake Mix,10
Grapes,22
Zoodles,1
Honey,23
Strawberries,17
Salt,16
Parmesan Cheese,15
Pita Bread,21
Beets,11
Rice Noodles,13
BBQ Sauce,11
Pasta Sauce,9
Canola Oil,7
Turmeric,6
Brownies,6
Ramen,10
Walnuts,8
Rosemary,2
Plums,11
Soy Sauce,4
Butternut Squash,20
Cornmeal,21
Lemonade,21
Pita Bread,6
Greek Yogurt,6
Nuts and Seeds,10
Donuts,19
Beef,11
Green Onions,10
Barley,14
Spaghetti,26
Fish,11
Barley,7
Brownies,29
Pistachios,30
Limes,16
Lemonade,23
Coffee,7
Apples,13
Raspberries,23
Wraps,23
Bagels,28
Pancake Mix,14
Ramen,29
Soda,25
Pistachios,23
Instant Coffee,5
Coconut Milk,21
Cream Cheese,14
Pretzels,24
Couscous,8
Spaghetti,6
Olive Oil,11
Plums,2
Eggplant,8
Chocolate,3
Pretzels,16
Brown Sugar,30
Brussels Sprouts,21
Pizza Dough,22
Mangoes,1
Frozen Waffles,15
Cooking Spray,26
Green Onions,16
Butternut Squash,10
Corn,10
Milk,29
Ranch Dressing,17
Frozen Vegetables,17
Sports Drinks,5
Tomato Sauce,28
Frozen Corn,3
Mac and Cheese,3
Ice Cream,11
Instant Coffee,15
Greek Yogurt,8
Rice,17
Fettuccine,20
Pesto,24
Potatoes,10
Bagels,2
Asparagus,8
Coffee,9
Butternut Squash,8
Raspberries,30
Cherries,1
Arugula,10
Canned Tuna,16
Bagels,26
Tortilla Chips,19
Lemons,30
Parmesan Cheese,30
Pita Bread,15
Oregano,15
Whiskey,5
Brownies,27
Leeks,17
Granola,16
Broccoli,8
Canned Salmon,7
Ginger,8
Salsa,7
Frozen Corn,1
Bagged Salad,27
Cornmeal,2
Canned Chicken,10
Rice Noodles,1
Mangoes,6
Ketchup,20
Cucumbers,1
Mustard,13
Grapes,6
Zoodles,14
Wraps,15
Ramen,6
Iced Tea,26
Chili Sauce,2
Cumin,22
Waffles,9
Fettuccine,25
Arugula,8
Spring Mix,23
Balsamic Vinegar,7
Turmeric,1
Soba Noodles,7
Popcorn,21
Whiskey,7
Mayonnaise,14
Tortilla Chips,21
Olive Oil,8
Cauliflower,7
Frozen Pizza,8
Cheese,26
Peanut Butter,16
Maple Syrup,6
Canned Tuna,24
Tonic Water,28
Ketchup,15
Rum,1
Cooking Spray,20
Kale,19
Whiskey,19
Frozen Stir-Fry Vegetables,7
Potatoes,3
Ketchup,21
Cumin,5
Olive Oil,13
Instant Coffee,22
Chicken,22
Couscous,8
Tofu,23
Couscous,10
Peanut Butter,22
Mustard,16
Pasta Sauce,19
Arugula,26
Chocolate,6
Flour,8
Garlic,8
Mayonnaise,12
Ginger,27
Green Beans,28
Mac and Cheese,23
Sourdough,1
Cooking Spray,23
Black Tea,4
Pita Bread,14
Jelly,25
Leeks,1
Pita Bread,24
Whiskey,3
Kale,4
Frozen Waffles,7
Cheddar Cheese,1
Cabbage,4
Butternut Squash,7
Cereal,17
Pretzels,17
Donuts,27
Turmeric,4
Potatoes,18
Green Beans,19
Brown Sugar,24
Tofu,1
Zucchini,28
Frozen Pizza,19
Frozen Stir-Fry Vegetables,24
Evaporated Milk,5
Pasta,25
Ice Cream,10
Zucchini,26
Green Beans,29
Canned Chicken,9
Quinoa,3
Almonds,15
Pancakes,1
Tonic Water,6
Radishes,5
Pretzels,26
Beets,10
Green Onions,3
Tortillas,22
Green Beans,27
Whiskey,3
Asparagus,19
Green Onions,9
Tomato Sauce,26
Soda,24
Canned Tuna,2
Eggplant,10
Broccoli,14
Honey,24
Cream Cheese,18
Coffee,25
Chili Sauce,30
Maple Syrup,30
Bok Choy,14
Tortilla Chips,16
Pears,10
Donuts,15
Red Wine,22
Flour,22
Cinnamon,30
Yogurt,23
Soba Noodles,30
Relish,4
Squash,21
Pasta,9
Frozen Stir-Fry Vegetables,23
Zucchini,8
Relish,21
Chili Sauce,22
Cheddar Cheese,24
Sourdough,21
White Wine,5
Tortilla Chips,22
Greek Yogurt,27
Pizza Dough,25
Couscous,11
Spinach,9
Chili Sauce,16
Bagels,5
Sports Drinks,16
Brown Sugar,24
Basil,21
Pears,13
Yogurt,2
Green Onions,27
Arugula,25
Almond Milk,22
Carrots,14
Radishes,27
Maple Syrup,7
Butter Lettuce,29
Tofu,27
Vinegar,13
Raspberries,24
Peanut Butter,6
Celery,10
Eggplant,4
Pesto,13
Red Wine,27
Butternut Squash,30
Canned Salmon,30
Pepper,21
Cream Cheese,8
Watermelon,22
String Cheese,22
Tequila,9
Cream Cheese,21
Eggs,8
Quinoa,24
Cream Cheese,3
Cereal,13
Frozen Corn,17
Cilantro,20
Canned Chicken,19
Peanut Butter,25
Leeks,5
Mozzarella Cheese,29
Potatoes,28
Flour,13
Oats,4
Granola,4
Fettuccine,19
Farro,10
Peas,14
Tea,3
Ginger,9
Soy Sauce,14
Pistachios,20
Rice Noodles,2
Butternut Squash,2
Farro,21
Celery,8
Garlic,15
Couscous,26
Almonds,2
Ginger,5
Canned Salmon,20
Quinoa,27
Watermelon,12
Instant Noodles,17
Green Tea,23
Beets,22
Olive Oil,30
Pretzels,16
Honey,12
Ramen,23
Instant Noodles,4
Beef,5
Mangoes,17
Chili Sauce,10
Mangoes,28
Cooking Spray,12
Tofu,12
Frozen Stir-Fry Vegetables,30
Olive Oil,26
Butter,25
Flour,13
Chocolate,25
Peas,11
Cupcakes,9
Bagged Salad,30
Spaghetti,24
Frozen Pizza,28
Instant Noodles,11
Tortillas,10
Cinnamon,27
Baking Powder,16
Zoodles,6
Green Onions,11
Pita Bread,8
Whole Wheat Bread,10
Vodka,29
Brownies,30
Vinegar,21
Udon,19
Flour,5
Cloves,25
Pineapple,9
Cooking Spray,20
Lettuce,17
Butternut Squash,19
Mayonnaise,20
Coconut Milk,14
Mustard,10
Cheddar Cheese,8
Tortillas,10
Cabbage,6
Blueberries,25
Ranch Dressing,26
Ramen,15
Plums,25
Frozen Corn,7
Corn,22
Cheese,12
Zoodles,16
Cheddar Cheese,23
Cauliflower,6
Milk,11
Yogurt,26
Avocados,29
Tofu,30
Relish,30
Salsa,15
Espresso,7
Quinoa,28
Almond Milk,24
Grapes,30
Wraps,22
Cream Cheese,17
Celery,7
Nutmeg,25
Brownies,24
Fish,5
Nutmeg,11
Arugula,23
Udon,27
Udon,27
Sourdough,23
Fish,6
Walnuts,23
Mushrooms,5
Yogurt,1
Green Beans,1
Pita Bread,3
Pepper,1
Cereal,1
Shallots,20
Jelly,7
Whole Wheat Bread,9
Spaghetti,4
Butter Lettuce,2
Coffee,10
Coffee,27
Salt,7
Almond Milk,25
Mac and Cheese,14
Beets,15
Fettuccine,26
Vinegar,11
Mangoes,22
Cauliflower,25
Frozen Corn,6
Tequila,13
Paprika,6
Soda,26
Flour,19
Plums,25
Squash,15
Cashews,19
Red Wine,5
Mangoes,27
Greek Yogurt,9
Bread,10
Canned Tuna,9
Garlic,26
Squash,16
Tortilla Chips,27
Plums,8
Pasta Sauce,9
Rum,3
Rice Noodles,8
Greek Yogurt,20
Pasta,12
Pistachios,24
Rice Noodles,22
Spaghetti,2
Frozen Corn,7
Beets,30
Mac and Cheese,22
Mushrooms,10
Mac and Cheese,8
Cloves,22
Watermelon,6
Barley,4
Basil,28
Tortilla Chips,20
Squash,1
Beets,21
Pancake Mix,22
Chicken Broth,19
Chocolate,20
Evaporated Milk,8
Quinoa,10
Pineapple,30
Potatoes,29
Leeks,23
Cookies,12
Tea,4
Frozen Peas,19
Tomatoes,25
Canned Salmon,1
Balsamic Vinegar,18
Pineapple,25
Frozen Burritos,30
Thyme,22
Canola Oil,14
Farro,19
Broccoli,5
Cupcakes,24
Lemons,25
Cheddar Cheese,28
Mayonnaise,26
Mushrooms,16
Beer,1
English Muffins,16
Cloves,27
Butter Lettuce,23
Butter,19
Chicken Broth,11
Sports Drinks,9
Pistachios,4
Ramen,27
Black Tea,18
Bread,13
Brussels Sprouts,25
Ketchup,20
Espresso,30
Pistachios,16
Barley,20
Raspberries,25
Chicken,14
Pancakes,4
Yogurt,10
Artichokes,22
Cooking Spray,18
Hot Sauce,27
Butter Lettuce,10
Cupcakes,9
Lettuce,12
Bagels,28
Gin,6
Cilantro,24
Ramen,8
Cloves,29
Bell Peppers,11
Barley,8
Tomatoes,7
Rosemary,10
Ramen,18
Pork,6
Cauliflower,8
Jelly,8
Almonds,1
Pasta,4
Tonic Water,4
Coconut Milk,8
Radishes,11
Lemons,28
Greek Yogurt,3
Quinoa,22
Ramen,4
Maple Syrup,14
Grapes,12
Iced Tea,16
Basil,25
Parmesan Cheese,14
Green Tea,22
Maple Syrup,29
Wraps,17
Lemonade,20
Granola,20
Ranch Dressing,28
Coconut Milk,13
Mangoes,24
Lettuce,28
Chicken Broth,5
Fettuccine,23
Squash,1
Mangoes,26
Arugula,2
Pancakes,9
Canned Tuna,14
Eggplant,18
Yogurt,3
Farro,21
Vinegar,5
Vinegar,9
Sriracha,17
Salsa,7
Lemonade,2
Radishes,14
Lemonade,4
Whole Wheat Bread,25
Couscous,26
Butternut Squash,30
Black Tea,29
Garlic,19
Ramen,18
Chocolate,3
Tortillas,4
Watermelon,25
Watermelon,27
Limes,5
Frozen Berries,2
Mushrooms,10
Eggs,21
Frozen Vegetables,25
Potatoes,29
Granola,22
Tequila,20
Tofu,17
Cupcakes,6
Olive Oil,13
Pistachios,14
Pork,22
Yogurt,19
Baking Powder,8
Blueberries,11
Plums,5
Bagged Chips,8
Plums,16
Basil,27
Thyme,11
Cashews,6
Thyme,1
Pasta Sauce,20
Brownies,5
Bok Choy,18
Butter,27
Kale,10
Ketchup,19
Cucumbers,3
Mangoes,1
Radishes,27
Pasta Sauce,23
Radishes,4
Frozen Waffles,9
Spaghetti,21
Pita Bread,20
Soba Noodles,22
Butter,8
Ranch Dressing,27
Fettuccine,1
White Wine,14
Sports Drinks,22
Evaporated Milk,22
Spaghetti,14
Cooking Spray,11
Zoodles,18
Pizza Dough,3
Pasta Sauce,11
Cupcakes,25
English Muffins,8
Granola,23
Strawberries,2
Leeks,13
Canned Tuna,1
Mustard,15
Canned Tuna,20
Mac and Cheese,27
Tofu,16
Pancakes,30
Cheddar Cheese,5
Basil,4
Nuts and Seeds,14
Tonic Water,6
Barley,26
Fish,5
Bread,15
Sparkling Water,25
Lemons,21
Pepper,23
Ranch Dressing,13
Tofu,23
Butter Lettuce,21
Cloves,1
Parmesan Cheese,22
Gin,27
Balsamic Vinegar,15
Whole Wheat Bread,18
Bok Choy,30
Frozen Vegetables,12
Cauliflower,1
Trail Mix,8
Green Onions,11
Parmesan Cheese,6
Tequila,27
Oats,8
Eggplant,13
Turmeric,7
Soda,17
Frozen Corn,29
Blueberries,28
Zoodles,17
Relish,24
Sparkling Water,6
Bell Peppers,29
Tea,8
Lettuce,23
Tomatoes,13
Butternut Squash,2
Tortilla Chips,9
Parmesan Cheese,29
Cornmeal,12
Coffee,24
Soda,22
Cupcakes,27
Frozen Burritos,27
Chocolate,1
Relish,28
Tofu,13
Black Tea,17
Cauliflower,19
Squash,19
Bagged Salad,16
Tortilla Chips,22
Frozen Stir-Fry Vegetables,5
Almond Milk,27
Spring Mix,27
Whole Wheat Bread,4
Plums,17
Arugula,6
Blueberries,20
Canned Salmon,9
Couscous,26
Onions,14
Chicken,20
Cream Cheese,18
Butter,10
Celery,11
Almonds,26
Watermelon,30
Brussels Sprouts,29
Maple Syrup,16
Green Onions,21
Condensed Milk,8
Instant Coffee,4
Quinoa,14
Whole Wheat Bread,9
Soy Sauce,8
Frozen Berries,16
Spring Mix,25
Cream Cheese,14
String Cheese,16
Tofu,2
Pears,19
Evaporated Milk,8
Radishes,22
Soda,13
Sparkling Water,5
Carrots,25
Plums,22
Yogurt,24
Pistachios,9
Tomatoes,15
Oats,22
Instant Noodles,28
Farro,17
Ranch Dressing,7
Potatoes,10
Salt,14
Limes,19
Cheddar Cheese,5
String Cheese,16
Cereal,14
Mushrooms,20
Waffles,8
Bagels,3
Canned Salmon,18
Tonic Water,12
Rum,14
Coconut Milk,30
Farro,10
Bagels,26
Frozen Waffles,19
Pepper,13
Cabbage,13
Espresso,18
Cream Cheese,18
Waffles,25
Orange Juice,26
Eggs,28
English Muffins,9
Rice Noodles,19
Fettuccine,11
Sweet Potatoes,21
Instant Noodles,8
Oats,23
Cilantro,20
Zucchini,10
Pizza Dough,2
Tortilla Chips,6
Relish,19
Pita Bread,18
Instant Coffee,5
Salsa,5
Brown Sugar,25
Mushrooms,22
Cucumbers,3
Pretzels,28
Baking Soda,20
Frozen Pizza,1
Corn,29
Canola Oil,23
Brown Sugar,14
Ginger,30
Brussels Sprouts,6
Chocolate,26
Tofu,27
Watermelon,10
Wraps,14
Cashews,26
Frozen Vegetables,1
Squash,10
Ketchup,8
Cumin,11
Nutmeg,28
Gin,19
Zucchini,18
Bell Peppers,30
Bagged Chips,27
Waffles,25
Pita Bread,6
Frozen Waffles,23
Orange Juice,19
Cereal,22
Beets,28
Cashews,23
Pears,22
Baking Soda,18
Pesto,30
Coffee,26
Mushrooms,5
Soy Sauce,5
Cilantro,4
Whiskey,30
Tequila,27
Corn,13
String Cheese,7
Bok Choy,22
Chicken Broth,2
Cream Cheese,8
Canned Beans,26
Shallots,1
Pork,15
Chicken,2
Olive Oil,8
Soda,24
Canned Tuna,12
Wraps,1
Sweet Potatoes,16
Cumin,27
Beef,8
Grapes,14
Coconut Milk,15
Cheese,11
Canned Chicken,27
Mac and Cheese,5
Beer,23
Zucchini,20
Rice,10
Ginger,2
Lemons,26
Nuts and Seeds,8
Watermelon,6
Canned Beans,17
Nuts and Seeds,16
Coconut Milk,20
Pepper,9
Lettuce,27
Maple Syrup,30
Brown Sugar,26
Frozen Corn,29
Pistachios,29
Spaghetti,12
Sparkling Water,29
Cheddar Cheese,22
Shallots,4
Beer,3
Brown Sugar,5
Milk,11
Potatoes,18
Ramen,4
Fettuccine,26
Sparkling Water,6
Pizza Dough,30
Butternut Squash,11
Tortillas,4
Jelly,20
Tequila,16
Walnuts,26
Frozen Peas,5
Peanut Butter,15
Baking Soda,24
Chocolate,2
Avocados,3
Barley,20
Bread,26
Hot Sauce,19
Vinegar,27
Beets,30
Sweet Potatoes,26
Kale,14
Cashews,30
Nutmeg,21
Orange Juice,27
Artichokes,9
Broccoli,7
Strawberries,29
Rice,27
Pears,6
Celery,11
Canned Salmon,3
Whole Wheat Bread,12
Oregano,28
Barley,1
Walnuts,10
Tortilla Chips,26
Pasta Sauce,29
Bagels,14
Nutmeg,22
Parmesan Cheese,21
Kale,6
Ranch Dressing,6
Apples,22
Oregano,12
Paprika,17
Jelly,13
Beets,20
Flour,5
Pita Bread,8
Chocolate,23
Cauliflower,2
Paprika,10
Udon,16
Asparagus,15
Vinegar,19
Olive Oil,2
Bagged Salad,26
Sriracha,30
Frozen Vegetables,27
Pepper,19
Frozen Berries,21
Zucchini,7
Soba Noodles,7
Chicken Broth,5
Almonds,27
Coffee,30
Whole Wheat Bread,17
Chicken Broth,28
Strawberries,21
Hot Sauce,28
Mushrooms,25
Cream Cheese,14
Pears,6
Cupcakes,18
Pineapple,5
Radishes,23
Tomato Sauce,10
Soda,1
Ramen,1
Whiskey,23
Cucumbers,20
Carrots,11
Celery,26
Peas,27
Cilantro,14
Barley,13
Tofu,30
Espresso,24
Trail Mix,26
Avocados,5
Tortillas,4
Plums,10
Leeks,1
Limes,23
Honey,4
Ramen,22
Farro,29
Mayonnaise,2
Parmesan Cheese,12
Avocados,11
Beets,9
Carrots,19
Trail Mix,12
Pretzels,16
Celery,10
Beer,10
Cheddar Cheese,1
Soba Noodles,8
Gin,8
Baking Powder,6
Orange Juice,10
Butternut Squash,25
Bagged Salad,28
English Muffins,9
Thyme,30
Farro,12
Pita Bread,23
Mangoes,25
Cumin,5
Peanut Butter,25
Pistachios,22
Sparkling Water,17
Cherries,12
Cereal,26
Blueberries,29
Honey,24
Chocolate,8
Blueberries,23
Squash,26
Brown Sugar,9
Pork,22
Green Onions,3
Cherries,22
Cilantro,8
Quinoa,15
Bagels,5
Farro,11
Pork,18
Tofu,2
Onions,3
Sparkling Water,8
Arugula,7
Cornmeal,12
Soba Noodles,29
Canned Salmon,10
Spring Mix,16
Popcorn,10
Baking Soda,15
Cooking Spray,15
Jelly,12
Ginger,29
Gin,2
Cloves,10
Granola,11
Butternut Squash,22
Apples,7
Granola,19
Potatoes,14
Instant Coffee,9
Sriracha,15
Limes,27
Pineapple,12
Farro,27
Bell Peppers,12
Almonds,8
Almonds,3
Corn,27
Rosemary,16
Bananas,16
Canned Beans,25
Nuts and Seeds,3
Green Onions,7
Tonic Water,30
Pistachios,14
Corn,30
Arugula,2
Soda,26
Baking Powder,16
Coffee,17
Spaghetti,4
Donuts,9
Honey,8
Spring Mix,1
Eggplant,25
Tonic Water,8
Lemonade,12
Milk,16
Cloves,6
Frozen Berries,23
Arugula,12
Soba Noodles,11
Evaporated Milk,22
Cornmeal,4
Canned Tuna,28
Kale,9
Farro,21
Frozen Stir-Fry Vegetables,5
Peanut Butter,6
Carrots,6
Lemonade,6
Olive Oil,25
Quinoa,10
Brown Sugar,20
Corn,18
Rice Noodles,6
Plums,29
Canned Beans,6
Blueberries,16
Ketchup,22
Vodka,27
Vinegar,28
Bok Choy,6
Frozen Vegetables,18
Chocolate,9
Pita Bread,3
Pears,20
Garlic,8
Relish,15
Tortilla Chips,30
Celery,16
Sports Drinks,14
Bagged Salad,5
Baking Soda,4
Leeks,11
English Muffins,18
Beef,3
Strawberries,5
Oregano,20
Leeks,4
Whole Wheat Bread,15
Mayonnaise,29
Sourdough,25
Basil,19
Espresso,7
Tofu,25
Spaghetti,16
Waffles,2
Coffee,27
Pistachios,2
Coffee,20
Eggplant,14
Green Onions,6
Chili Powder,8
Soba Noodles,9
Instant Noodles,6
Cinnamon,13
Salt,8
Cheese,19
Pesto,12
Pasta,17
Jelly,20
Mayonnaise,22
Blueberries,11
Plums,2
Pepper,28
Green Beans,12
Black Tea,14
Lemonade,3
Plums,19
Frozen Waffles,4
Oregano,1
Pasta,25
Canned Beans,19
Instant Noodles,3
Instant Coffee,15
Beef,30
Green Tea,3
Thyme,25
Condensed Milk,21
Eggs,2
Rosemary,29
Popcorn,12
Kale,24
Pineapple,21
Beef,28
Radishes,1
Peas,22
Spaghetti,8
String Cheese,14
Parmesan Cheese,17
Pistachios,2
Mustard,17
Tonic Water,1
Balsamic Vinegar,22
Butter,6
Pistachios,27
Potatoes,20
Frozen Pizza,5
Gin,28
Avocados,25
Sparkling Water,19
Tomato Sauce,21
White Wine,4
Butternut Squash,10
Zucchini,19
Plums,7
Mustard,16
Asparagus,5
Canned Tuna,20
Celery,4
Pesto,1
Frozen Vegetables,1
Espresso,15
Sriracha,20
Kale,2
Fish,6
Butter Lettuce,10
Flour,12
Limes,8
Wraps,4
Vodka,13
Greek Yogurt,16
Maple Syrup,11
Pepper,12
Cheddar Cheese,14
Vodka,24
Donuts,4
Udon,16
Frozen Vegetables,5
Sriracha,28
Limes,14
Fish,15
Salt,26
Plums,26
Vinegar,18
Tequila,8
Trail Mix,27
Thyme,14
Zoodles,19
Fish,14
Jelly,1
Vodka,8
Arugula,17
Flour,20
Pizza Dough,21
Coconut Milk,7
Frozen Burritos,14
Bread,14
Basil,12
Pasta Sauce,26
Brown Sugar,27
Cumin,13
Flour,21
Thyme,14
Couscous,14
Cashews,20
Jelly,3
Granola,24
Cloves,21
Frozen Corn,10
Walnuts,6
Chili Sauce,3
Rice Noodles,7
Pasta Sauce,24
Sriracha,16
Artichokes,21
Sriracha,21
Cheese,2
Tortillas,24
Frozen Pizza,23
Avocados,2
Ginger,21
Ramen,1
Baking Soda,29
Basil,2
Mayonnaise,29
Balsamic Vinegar,4
Whiskey,24
Spinach,25
Jelly,2
Cooking Spray,10
Tequila,28
Fish,3
Chocolate,14
Canned Beans,16
Iced Tea,19
Sparkling Water,14
Blueberries,13
Radishes,18
Olive Oil,22
Mushrooms,4
Whole Wheat Bread,20
Barley,2
Popcorn,21
Bagged Chips,21
Baking Soda,3
Honey,28
Spaghetti,16
Frozen Waffles,3
Frozen Berries,30
Cauliflower,28
Cherries,10
Soba Noodles,4
Lettuce,20
Cloves,20
Pizza Dough,7
Flour,18
Parmesan Cheese,14
Soba Noodles,17
Chili Powder,19
Baking Powder,3
Ice Cream,12
Frozen Waffles,1
Ketchup,18
Grapes,16
Chocolate,10
Rosemary,30
Hot Sauce,15
Cheddar Cheese,23
Plums,8
Frozen Peas,15
Baking Powder,20
Cupcakes,26
Kale,29
Nuts and Seeds,23
Salsa,5
Bok Choy,12
Tortilla Chips,23
Green Onions,5
Ramen,2
Pasta,21
Squash,28
Tea,24
Avocados,4
Arugula,11
Condensed Milk,13
Pita Bread,10
Onions,16
Soba Noodles,14
Tortilla Chips,4
Iced Tea,11
Flour,29
Trail Mix,6
Honey,1
Lettuce,8
Canned Tuna,18
Beer,5
Frozen Vegetables,21
Popcorn,1
Mayonnaise,1
Tomatoes,10
Cheese,9
Pretzels,15
Pancakes,8
Cream Cheese,12
Thyme,13
Sriracha,18
Carrots,28
Butternut Squash,17
English Muffins,13
Spinach,17
White Wine,20
Pistachios,24
Zucchini,8
Cabbage,17
Sweet Potatoes,23
Iced Tea,30
Cornmeal,5
Tortillas,22
Brown Sugar,7
Almonds,26
Cabbage,9
Pasta Sauce,20
Soba Noodles,11
Pretzels,16
Pasta Sauce,25
Kale,11
Pesto,9
Popcorn,24
Brown Sugar,6
Evaporated Milk,2
Cabbage,7
Frozen Waffles,27
Cornmeal,11
Frozen Pizza,16
Fish,1
Bell Peppers,15
Vodka,23
Sourdough,28
Pasta Sauce,26
Cheddar Cheese,12
Tequila,19
Pistachios,17
Pistachios,19
Corn,14
Pepper,27
Blueberries,2
Spaghetti,22
Quinoa,20
Raspberries,26
Cloves,25
Frozen Stir-Fry Vegetables,20
String Cheese,21
Celery,29
Grapes,8
Cabbage,5
Green Tea,24
Pita Bread,7
Popcorn,4
Granola,19
Spaghetti,10
Butter,20
Beets,30
Rice Noodles,11
Sriracha,28
Pepper,15
Salt,26
Quinoa,28
Green Onions,5
Tomato Sauce,25
Salsa,10
Frozen Peas,10
Ramen,8
White Wine,8
Butternut Squash,18
Whiskey,16
Avocados,24
Popcorn,8
Beer,4
Potatoes,29
Butter,3
Soda,21
Bok Choy,29
Pineapple,13
Eggplant,23
Pancake Mix,12
Tortillas,10
Relish,12
Avocados,19
Blueberries,8
Shallots,24
Bread,10
Rum,8
Chili Powder,10
Oats,27
Tortillas,3
Pistachios,10
Squash,7
Cooking Spray,15
Artichokes,1
Carrots,30
Brussels Sprouts,30
Relish,30
Relish,11
Vodka,1
Jelly,5
Potatoes,22
Popcorn,23
Whole Wheat Bread,24
Tea,4
Corn,20
Broccoli,27
Sweet Potatoes,12
Udon,5
Frozen Berries,6
Whole Wheat Bread,15
Olive Oil,25
Mac and Cheese,28
Gin,29
Pita Bread,9
Olive Oil,5
Arugula,16
Frozen Corn,15
Cilantro,16
Beer,23
Brownies,23
Bagged Salad,4
Greek Yogurt,29
Lemonade,24
Tea,11
Watermelon,12
Potatoes,12
Raspberries,5
Tomato Sauce,21
Bok Choy,9
Pizza Dough,12
Yogurt,14
Wraps,23
Whole Wheat Bread,5
Jelly,2
Maple Syrup,15
Espresso,25
Pears,14
Corn,8
Yogurt,11
Balsamic Vinegar,24
Peanut Butter,9
Garlic,30
Soy Sauce,3
Asparagus,8
Espresso,28
Instant Coffee,30
Brussels Sprouts,26
Frozen Pizza,7
Beets,19
Cinnamon,24
Sparkling Water,2
Mushrooms,23
Nutmeg,30
Relish,14
Bok Choy,3
Nuts and Seeds,2
Chocolate,24
Vinegar,15
Sriracha,26
Parmesan Cheese,13
Tonic Water,7
Bananas,23
Cloves,20
Baking Powder,7
Honey,18
Instant Noodles,27
Strawberries,3
Blueberries,16
Frozen Peas,25
Mac and Cheese,21
Peas,5
Whole Wheat Bread,6
Sriracha,17
Cupcakes,10
Brussels Sprouts,1
Orange Juice,14
Instant Noodles,1
Mozzarella Cheese,7
Mangoes,3
Onions,16
Turmeric,18
Pesto,7
Almonds,19
Eggs,25
Cream Cheese,30
Sparkling Water,4
Tortillas,2
Mushrooms,6
Red Wine,6
String Cheese,29
Basil,9
Zoodles,24
Pita Bread,27
Thyme,3
Pretzels,23
Black Tea,21
Salt,27
Yogurt,16
Beets,16
Butter Lettuce,26
Corn,6
Walnuts,10
Carrots,25
Pasta Sauce,22
Carrots,24
Farro,29
Espresso,14
Paprika,12
Mayonnaise,7
Sweet Potatoes,2
Spinach,22
Balsamic Vinegar,7
Rice,16
Cupcakes,11
Strawberries,28
Tea,21
Soy Sauce,7
Tomato Sauce,1
Bok Choy,14
Ice Cream,29
Plums,6
Eggplant,10
Jelly,7
Gin,23
Soba Noodles,13
Spaghetti,4
Bananas,17
Soba Noodles,2
Cucumbers,14
Shallots,9
Pita Bread,18
Fettuccine,29
Bagged Chips,24
Pistachios,28
Chicken Broth,14
Cooking Spray,26
Soda,9
Pancake Mix,8
Cumin,3
Eggs,24
Bread,15
Canned Salmon,17
Pita Bread,30
Chili Sauce,11
Frozen Burritos,11
Oats,17
Pasta Sauce,8
Apples,8
Instant Noodles,30
Pretzels,4
Strawberries,8
Sweet Potatoes,5
Pistachios,5
Frozen Corn,10
Sourdough,14
Sriracha,2
Gin,11
Peas,25
Frozen Burritos,15
Pasta,14
Tequila,6
Rice,25
Carrots,15
Spaghetti,10
Tea,2
Tortilla Chips,24
Mac and Cheese,9
Beer,4
Honey,22
Bagged Salad,1
Cabbage,12
Quinoa,13
Greek Yogurt,24
Salt,7
Canned Chicken,19
Fettuccine,27
Gin,27
Beets,11
Evaporated Milk,15
Sparkling Water,23
Parmesan Cheese,23
Baking Soda,23
Ramen,16
Jelly,29
Soy Sauce,24
Ice Cream,3
Popcorn,24
Fish,1
Green Tea,2
Olive Oil,19
Corn,3
Spaghetti,11
Pork,16
Evaporated Milk,16
Strawberries,3
Relish,6
Cheese,27
Oregano,10
Zoodles,18
Apples,10
Frozen Berries,9
Watermelon,19
Bagels,25
Butter Lettuce,30
Parmesan Cheese,17
Quinoa,27
Sweet Potatoes,4
Espresso,6
Potatoes,6
Beets,16
Lemons,16
Tortillas,7
Canned Salmon,12
Cupcakes,7
Iced Tea,6
Oats,27
Frozen Burritos,12
Orange Juice,8
Ketchup,7
Spring Mix,9
Bagged Chips,17
Salt,3
Tonic Water,13
Iced Tea,28
Artichokes,6
Whole Wheat Bread,22
Pasta Sauce,5
Salsa,2
Turmeric,27
Fish,23
Corn,10
Sports Drinks,6
Bread,6
Onions,10
Tequila,9
Waffles,25
Limes,19
Parmesan Cheese,27
Green Tea,14
Whiskey,24
Kale,19
Ramen,1
Baking Soda,10
Donuts,24
Donuts,30
English Muffins,23
Red Wine,29
English Muffins,14
Udon,5
Jelly,11
Cumin,1
Instant Noodles,30
Cumin,8
Zoodles,28
Corn,5
Canned Chicken,27
Garlic,28
Soy Sauce,19
Mayonnaise,6
Cashews,20
Nutmeg,3
Farro,29
Pasta,8
Vodka,5
Basil,23
BBQ Sauce,19
Sports Drinks,5
Bananas,9
Garlic,6
Almonds,29
Evaporated Milk,11
Orange Juice,24
Bagels,19
Olive Oil,24
Chicken,5
Cheese,21
Bagged Chips,18
Radishes,18
Granola,18
Pepper,13
Grapes,26
Popcorn,27
Pretzels,16
Cloves,23
Spinach,14
Bagged Chips,12
Pasta Sauce,9
Eggs,23
Fettuccine,15
Onions,20
Instant Noodles,20
Shallots,19
Artichokes,19
Cupcakes,12
Plums,14
Asparagus,11
Garlic,3
Lemons,30
Celery,8
Bell Peppers,16
Ramen,10
Cinnamon,22
Potatoes,13
Fettuccine,24
Greek Yogurt,16
Bell Peppers,7
Pork,20
Maple Syrup,25
Mustard,11
Lemonade,26
Instant Noodles,8
Pizza Dough,23
Tomato Sauce,14
Soy Sauce,10
Frozen Stir-Fry Vegetables,9
Rosemary,2
Cinnamon,19
Orange Juice,20
Whiskey,11
Cereal,23
Grapes,13
Frozen Waffles,1
Thyme,1
Honey,12
Butter,26
Frozen Stir-Fry Vegetables,18
Bell Peppers,28
Whole Wheat Bread,17
Brown Sugar,30
Chocolate,10
Coconut Milk,15
Balsamic Vinegar,15
Green Onions,14
Watermelon,21
Kale,5
Tequila,18
Oats,18
Chocolate,5
Celery,29
Cherries,28
Greek Yogurt,5
Frozen Corn,16
Bell Peppers,23
Cheddar Cheese,27
Mangoes,28
Grapes,23
Sports Drinks,22
Evaporated Milk,17
Salt,3
Pistachios,1
Hot Sauce,22
Frozen Vegetables,11
Strawberries,30
Zoodles,1
Bagged Salad,23
Frozen Corn,24
Beef,5
Bok Choy,22
Instant Noodles,5
Wraps,30
Olive Oil,15
Chili Powder,30
Ranch Dressing,10
Beer,18
Turmeric,18
Canned Tuna,11
Almond Milk,14
Vodka,10
Pineapple,26
Avocados,2
Whole Wheat Bread,11
Ginger,15
Gin,26
Bagged Salad,6
Pepper,3
Bagged Salad,19
Spinach,3
Fettuccine,21
Beef,30
Rosemary,6
Cream Cheese,11
Canned Beans,27
Popcorn,29
Vodka,9
Tortillas,11
Pita Bread,4
Frozen Vegetables,29
Flour,11
English Muffins,18
Sweet Potatoes,8
Shallots,6
Turmeric,1
Turmeric,3
Cooking Spray,14
Espresso,9
Tomato Sauce,3
Corn,11
Mustard,8
Balsamic Vinegar,27
Frozen Vegetables,1
Quinoa,27
Brussels Sprouts,20
Whole Wheat Bread,22
Frozen Stir-Fry Vegetables,5
Cabbage,11
Eggs,20
Mayonnaise,22
Cashews,26
Butter,19
Rum,19
Tomatoes,4
Flour,21
Quinoa,11
Canned Chicken,16
Pancakes,5
Carrots,26
Mozzarella Cheese,23
Rum,1
White Wine,9
Carrots,1
Peanut Butter,3
Butter,1
Parmesan Cheese,15
Oats,24
Bagged Chips,10
Canola Oil,26
White Wine,18
Chicken,6
Pasta Sauce,27
Avocados,17
Zucchini,21
Chili Powder,25
Mozzarella Cheese,7
Olive Oil,26
Black Tea,29
Sriracha,27
Pesto,28
Garlic,12
Instant Coffee,1
Maple Syrup,18
Blueberries,18
Corn,16
Hot Sauce,2
Ketchup,7
Frozen Stir-Fry Vegetables,21
Pita Bread,5
Cherries,29
Soda,5
Coffee,4
Cookies,8
Bagged Salad,16
Tequila,16
Cream Cheese,10
Pears,17
Waffles,2
Honey,1
Frozen Burritos,10
Chili Powder,3
Tonic Water,28
Butternut Squash,21
Brown Sugar,2
Instant Noodles,5
Plums,4
Canned Beans,29
Leeks,28
Plums,13
Almonds,4
Barley,11
Cloves,4
Fish,21
Rosemary,3
Pancake Mix,17
Coconut Milk,26
Soy Sauce,25
Pancakes,2
Cherries,26
Cauliflower,21
Garlic,18
Tequila,6
Eggs,2
Beets,3
Mustard,4
Frozen Berries,24
Pesto,30
Greek Yogurt,6
Bananas,20
Kale,7
Frozen Vegetables,7
Gin,30
Ramen,6
Frozen Vegetables,23
Wraps,28
Pears,22
Rice Noodles,8
Granola,2
Popcorn,19
Sourdough,3
Fettuccine,8
Frozen Pizza,27
Oats,11
Oats,22
Beef,9
Pancake Mix,1
Walnuts,30
Broccoli,13
Udon,8
Rice Noodles,27
Honey,7
Bagels,21
Pizza Dough,13
Popcorn,4
Frozen Burritos,24
Asparagus,18
Pasta,25
Vodka,14
Pears,25
Peas,18
Spring Mix,21
Couscous,6
Sourdough,26
Ranch Dressing,9
Milk,24
Pineapple,22
Rice Noodles,1
Frozen Stir-Fry Vegetables,17
Cereal,21
Salsa,14
Artichokes,14
Zucchini,22
Jelly,11
Watermelon,13
Ranch Dressing,13
Green Beans,22
Pineapple,23
Spring Mix,7
Chocolate,25
Granola,22
Almonds,22
Cupcakes,29
Pears,16
Tortilla Chips,20
Whiskey,29
Mozzarella Cheese,17
Zoodles,27
Beer,15
Cheese,22
Red Wine,20
Grapes,19
Potatoes,19
Whiskey,21
Almond Milk,11
BBQ Sauce,7
Whiskey,7
Pancake Mix,13
Nutmeg,19
Mac and Cheese,17
Bagels,21
Artichokes,20
Pineapple,21
Red Wine,29
Canned Beans,15
Pasta,25
Spaghetti,3
Bananas,21
Chili Sauce,5
Greek Yogurt,19
Mayonnaise,6
Lemonade,29
Radishes,28
Ramen,13
Rice,14
Canola Oil,23
Salsa,24
Bagged Salad,12
Thyme,24
Tortilla Chips,15
Evaporated Milk,14
Shallots,29
Canned Salmon,18
Sweet Potatoes,24
Bagged Salad,17
Almonds,29
Asparagus,28
Rosemary,13
Espresso,18
Frozen Burritos,25
Tofu,10
Frozen Corn,9
Radishes,20
Tortillas,9
Lettuce,6
Onions,28
Frozen Peas,24
Sourdough,7
Chili Sauce,21
Tomato Sauce,20
Bagged Chips,18
Gin,21
Frozen Burritos,19
Instant Noodles,22
Zucchini,27
Oats,2
Turmeric,29
Basil,21
Baking Powder,9
Rum,3
Almond Milk,28
Cooking Spray,17
Pizza Dough,9
String Cheese,29
Raspberries,19
Fettuccine,9
Cereal,20
Chili Sauce,30
Watermelon,10
Potatoes,22
Almonds,25
Pepper,25
Avocados,22
Onions,27
Lettuce,30
Cashews,20
Chocolate,24
Watermelon,6
Frozen Burritos,6
Tofu,16
Jelly,12
Cloves,19
Butter,9
Hot Sauce,29
Rice,25
Tortillas,1
Butter Lettuce,21
Canola Oil,22
Canned Salmon,12
Espresso,19
Mac and Cheese,9
Raspberries,11
Butternut Squash,27
Black Tea,10
Honey,6
Pita Bread,3
Pepper,10
Carrots,13
Cooking Spray,13
Squash,10
Cupcakes,10
Green Beans,7
Ginger,22
Vinegar,18
Milk,12
Green Onions,28
Avocados,29
Tortilla Chips,30
English Muffins,16
Whiskey,1
Bagels,4
Bread,30
Asparagus,5
Potatoes,17
Ginger,9
Cream Cheese,5
Strawberries,12
Mushrooms,22
English Muffins,17
Lemonade,8
Nutmeg,6
Asparagus,8
Basil,11
Parmesan Cheese,24
Tofu,1
Frozen Burritos,19
Cookies,27
Tea,6
Hot Sauce,12
Walnuts,9
Mangoes,10
Sourdough,6
Nuts and Seeds,8
Beef,15
Green Beans,16
Grapes,9
Fish,16
Cornmeal,10
Mac and Cheese,6
Tequila,30
Bananas,14
Trail Mix,25
Chicken Broth,25
Tonic Water,10
Rice,13
Tonic Water,20
Canned Beans,28
Oregano,21
Cherries,12
Tortilla Chips,21
Cashews,20
Orange Juice,2
Flour,7
Condensed Milk,17
Zoodles,6
Tomatoes,30
Pasta,15
Waffles,29
Sparkling Water,21
Chocolate,20
Zucchini,27
Coconut Milk,21
Whiskey,27
Garlic,2
Oregano,11
Parmesan Cheese,16
Beets,1
Milk,2
Pasta Sauce,29
Cabbage,10
Whole Wheat Bread,23
String Cheese,15
Cashews,13
Almond Milk,15
Shallots,9
Tequila,18
Tofu,27
Sourdough,26
Bread,14
Pistachios,3
Cheddar Cheese,28
Watermelon,2
Sparkling Water,18
Mangoes,29
Thyme,6
Frozen Waffles,14
Espresso,7
Oregano,6
Cashews,16
Peas,27
Thyme,21
Arugula,29
Parmesan Cheese,3
Beer,21
Pineapple,5
Condensed Milk,15
Eggs,10
Chocolate,27
Pork,21
Shallots,15
Balsamic Vinegar,14
Tonic Water,3
Beets,13
English Muffins,8
Avocados,30
Corn,20
Soda,8
Spinach,20
Eggplant,6
Vinegar,27
Cumin,28
Canned Beans,3
Whole Wheat Bread,12
Bread,7
Flour,23
Rice Noodles,24
Nutmeg,30
Fettuccine,4
Salt,10
Brussels Sprouts,7
Butter Lettuce,4
Cream Cheese,13
Cherries,1
Lettuce,18
Greek Yogurt,16
Green Beans,6
Chili Sauce,11
Pistachios,7
Bagels,13
Pineapple,7
Cabbage,19
Quinoa,19
Corn,4
Baking Powder,8
Mangoes,20
Kale,11
Pepper,5
Cheese,18
Hot Sauce,6
Bananas,11
Whole Wheat Bread,24
Grapes,8
Pizza Dough,17
Frozen Burritos,19
Beef,30
Mozzarella Cheese,30
Cumin,11
Asparagus,19
Fettuccine,27
Canned Salmon,5
Frozen Pizza,18
Green Tea,9
Bread,28
Soy Sauce,14
Olive Oil,25
Broccoli,18
Cauliflower,21
Spring Mix,19
Squash,7
Popcorn,26
Rice Noodles,9
Tortilla Chips,27
Pepper,14
Orange Juice,4
Ranch Dressing,5
Zucchini,27
Whiskey,14
Raspberries,8
Waffles,4
Peanut Butter,2
Quinoa,27
Sourdough,24
Waffles,14
Butter Lettuce,19
Bagged Salad,6
Beets,10
Pistachios,10
Corn,7
Udon,25
Onions,26
Yogurt,14
Yogurt,7
Apples,6
Tequila,22
Pistachios,1
Black Tea,15
Cloves,28
Donuts,18
Limes,27
Cookies,15
Jelly,4
Ranch Dressing,3
Frozen Corn,23
Frozen Waffles,13
Canola Oil,2
Chicken Broth,30
Sriracha,12
Frozen Pizza,12
Tea,9
Bread,12
White Wine,8
Lettuce,28
Jelly,8
Shallots,14
Soda,16
Fettuccine,2
Brown Sugar,27
Mangoes,13
Turmeric,26
Sriracha,16
Oregano,28
Instant Noodles,10
Cauliflower,25
Frozen Peas,8
Limes,4
Relish,27
Bell Peppers,3
Tortillas,16
Greek Yogurt,17
Pasta Sauce,6
Pizza Dough,15
Greek Yogurt,4
Beets,26
Coffee,11
Couscous,30
Bell Peppers,13
Vinegar,2
Mac and Cheese,27
Zoodles,14
Bread,8
Zoodles,21
Shallots,22
Cheddar Cheese,20
Salsa,3
Turmeric,9
String Cheese,11
Pancake Mix,12
Oregano,4
Hot Sauce,26
Grapes,23
Ranch Dressing,2
Pasta,23
Canola Oil,4
Sports Drinks,29
Pancake Mix,6
Chicken Broth,20
Celery,29
Paprika,30
Arugula,6
Raspberries,20
Iced Tea,28
Flour,5
Oregano,20
Broccoli,27
Soy Sauce,30
Eggplant,11
Yogurt,23
Soba Noodles,22
Mayonnaise,14
Soda,8
Butter,7
Spinach,26
Cinnamon,3
Shallots,29
Orange Juice,29
Canned Tuna,8
Wraps,14
Bananas,21
Frozen Vegetables,17
Cumin,11
Cookies,11
Cilantro,26
Cookies,21
Tomatoes,6
Cumin,18
Chili Sauce,2
Zoodles,30
Granola,7
Salt,15
Frozen Vegetables,15
Frozen Stir-Fry Vegetables,21
Peas,15
Pizza Dough,3
English Muffins,4
Oats,12
Coconut Milk,24
Chili Powder,1
BBQ Sauce,24
Tomato Sauce,25
Frozen Stir-Fry Vegetables,20
Trail Mix,13
Eggs,29
Cumin,14
Bread,13
Pasta Sauce,3
Yogurt,1
Canned Chicken,14
Cilantro,17
Iced Tea,16
Pita Bread,15
Whole Wheat Bread,2
Pesto,14
Chicken,26
Cupcakes,16
Rice Noodles,4
Chili Powder,22
Maple Syrup,10
Maple Syrup,12
Leeks,9
Chili Powder,14
Black Tea,30
Paprika,27
Green Beans,20
Nutmeg,9
Artichokes,23
Shallots,18
Green Tea,30
English Muffins,7
Gin,16
Cream Cheese,5
Parmesan Cheese,16
Leeks,6
Pistachios,5
Bagels,18
Almonds,30
Celery,24
Cookies,10
Spring Mix,15
Green Onions,18
Watermelon,17
Eggs,8
Beef,7
Pita Bread,27
Hot Sauce,18
Cashews,19
Ice Cream,24
Chicken Broth,14
Lemons,28
Pineapple,30
Bagged Salad,13
Cornmeal,13
Spring Mix,3
Rice,29
Barley,12
Cilantro,19
Pancake Mix,26
Plums,2
Bok Choy,17
Salt,9
Green Beans,4
English Muffins,13
Frozen Burritos,17
Mushrooms,6
Popcorn,10
Lettuce,30
Fish,30
Pizza Dough,29
Tonic Water,24
Bread,2
Tonic Water,6
Bagged Salad,30
Espresso,22
Potatoes,26
Chicken,19
Milk,2
Trail Mix,24
Frozen Peas,26
Thyme,21
Whole Wheat Bread,17
Mayonnaise,28
Mayonnaise,12
Tomatoes,19
Bok Choy,2
Chili Powder,22
Zucchini,5
Chicken Broth,5
Canned Salmon,12
Ketchup,12
Mozzarella Cheese,10
Nuts and Seeds,17
Beer,18
Chili Sauce,6
Bagged Chips,30
Eggplant,22
Maple Syrup,2
Cornmeal,5
Cheese,9
Cashews,17
Canned Salmon,27
Brown Sugar,2
Lettuce,10
Canned Tuna,12
Mac and Cheese,21
Green Tea,8
Cloves,25
Vinegar,15
Donuts,29
Chicken Broth,6
Frozen Vegetables,10
Thyme,11
Frozen Vegetables,13
Walnuts,15
String Cheese,24
Broccoli,14
Frozen Peas,14
Pancake Mix,13
Soy Sauce,9
Farro,6
Frozen Berries,9
Squash,8
Pretzels,22
Garlic,27
Pizza Dough,17
Lemonade,22
Limes,13
Canned Beans,9
Frozen Pizza,19
Corn,20
Granola,18
Butternut Squash,28
Canned Salmon,20
Baking Powder,18
Thyme,30
Ice Cream,27
Sourdough,27
Canned Beans,13
Vodka,15
Bananas,12
Turmeric,7
Plums,12
Beets,12
Artichokes,12
Limes,9
Mangoes,7
Peanut Butter,24
Flour,6
String Cheese,2
White Wine,28
Green Tea,18
Chocolate,18
Canned Tuna,6
Pesto,29
Rosemary,15
Tofu,11
Celery,18
Peas,1
Chicken Broth,12
Limes,12
Ranch Dressing,27
Sriracha,8
Olive Oil,3
Espresso,18
Ramen,21
Balsamic Vinegar,22
Udon,30
Mushrooms,22
Soda,29
Almonds,29
Greek Yogurt,20
Iced Tea,8
Tomato Sauce,7
Nutmeg,23
Hot Sauce,26
Rice Noodles,25
Chicken Broth,3
Yogurt,11
Beer,4
Chicken,23
Orange Juice,28
Soy Sauce,3
Canola Oil,17
Chicken Broth,27
Pesto,12
Butter Lettuce,10
Milk,23
Udon,15
Coffee,3
Arugula,12
Mayonnaise,17
Brownies,13
Quinoa,15
Thyme,29
Arugula,5
Fettuccine,2
Frozen Vegetables,6
Peas,21
Pretzels,30
Maple Syrup,23
Tortilla Chips,19
Tomato Sauce,2
Mayonnaise,30
Soda,15
Frozen Burritos,18
Ketchup,25
Lemons,19
White Wine,25
Instant Coffee,7
Bagged Chips,22
Tomato Sauce,20
Blueberries,22
Wraps,22
Spaghetti,15
Quinoa,18
Spaghetti,10
Fish,6
Canned Chicken,19
Cupcakes,30
English Muffins,30
Hot Sauce,17
Green Onions,15
Oregano,3
Canned Beans,12
Cheddar Cheese,5
Brussels Sprouts,7
Spring Mix,30
Cilantro,26
Nutmeg,16
Brussels Sprouts,13
Chicken Broth,15
Instant Noodles,25
Mustard,27
Brownies,13
Cream Cheese,8
Thyme,17
Spring Mix,12
Rice,9
Milk,29
Pretzels,9
Canned Chicken,13
Plums,13
Ketchup,26
Sweet Potatoes,1
Pesto,18
Frozen Corn,18
Soy Sauce,26
Sports Drinks,11
Asparagus,24
Wraps,14
Cabbage,22
Beets,9
Tea,11
Pasta,12
Red Wine,17
Frozen Stir-Fry Vegetables,27
Cooking Spray,4
Mustard,3
Pita Bread,21
Peas,30
Frozen Stir-Fry Vegetables,18
Chili Sauce,17
Soba Noodles,9
Hot Sauce,24
Mangoes,21
Coffee,27
Tea,1
Frozen Stir-Fry Vegetables,10
Jelly,28
Artichokes,14
Frozen Corn,13
Barley,6
Butternut Squash,12
Cilantro,8
Cloves,24
Bagged Salad,3
Cream Cheese,10
Nuts and Seeds,11
Pizza Dough,9
Bell Peppers,1
Flour,16
Pineapple,9
Shallots,4
Pineapple,12
Limes,13
Frozen Pizza,23
Frozen Corn,10
Tonic Water,30
Chicken,6
Cream Cheese,27
Chicken,5
Bananas,7
Spinach,27
Kale,28
Lemonade,13
Mozzarella Cheese,6
Walnuts,14
Zucchini,11
Pasta Sauce,16
Frozen Burritos,7
Instant Noodles,2
Canned Beans,17
Lemons,14
Apples,26
Turmeric,15
Nutmeg,12
Shallots,2
Bread,27
Garlic,2
Salt,4
Donuts,11
Frozen Waffles,2
Salt,11
Frozen Burritos,26
Hot Sauce,20
Orange Juice,8
Ice Cream,1
Cooking Spray,27
Pistachios,12
Instant Noodles,27
Beef,26
Thyme,2
Frozen Stir-Fry Vegetables,28
Pepper,18
Tofu,13
Tortilla Chips,17
Bananas,1
Pizza Dough,26
Spaghetti,20
Oats,8
Cream Cheese,29
White Wine,15
Bananas,21
Brussels Sprouts,16
Flour,21
Turmeric,28
Frozen Pizza,16
Iced Tea,5
Whiskey,16
Sourdough,23
Parmesan Cheese,3
Tomatoes,1
Lettuce,10
Honey,23
Rum,19
Beef,2
Coconut Milk,2
Cherries,18
Artichokes,22
Coffee,21
Chili Sauce,2
Brown Sugar,20
Red Wine,14
Pizza Dough,21
Brussels Sprouts,30
